"Column Name","Label"
"GEO_ID","Geography"
"NAME","Geographic Area Name"
"DP02PR_0001E","Estimate!!HOUSEHOLDS BY TYPE!!Total households"
"DP02PR_0001M","Margin of Error!!HOUSEHOLDS BY TYPE!!Total households"
"DP02PR_0002E","Estimate!!HOUSEHOLDS BY TYPE!!Total households!!Married-couple household"
"DP02PR_0002M","Margin of Error!!HOUSEHOLDS BY TYPE!!Total households!!Married-couple household"
"DP02PR_0003E","Estimate!!HOUSEHOLDS BY TYPE!!Total households!!Married-couple household!!With children of the householder under 18 years"
"DP02PR_0003M","Margin of Error!!HOUSEHOLDS BY TYPE!!Total households!!Married-couple household!!With children of the householder under 18 years"
"DP02PR_0004E","Estimate!!HOUSEHOLDS BY TYPE!!Total households!!Cohabiting couple household"
"DP02PR_0004M","Margin of Error!!HOUSEHOLDS BY TYPE!!Total households!!Cohabiting couple household"
"DP02PR_0005E","Estimate!!HOUSEHOLDS BY TYPE!!Total households!!Cohabiting couple household!!With children of the householder under 18 years"
"DP02PR_0005M","Margin of Error!!HOUSEHOLDS BY TYPE!!Total households!!Cohabiting couple household!!With children of the householder under 18 years"
"DP02PR_0006E","Estimate!!HOUSEHOLDS BY TYPE!!Total households!!Male householder, no spouse/partner present"
"DP02PR_0006M","Margin of Error!!HOUSEHOLDS BY TYPE!!Total households!!Male householder, no spouse/partner present"
"DP02PR_0007E","Estimate!!HOUSEHOLDS BY TYPE!!Total households!!Male householder, no spouse/partner present!!With children of the householder under 18 years"
"DP02PR_0007M","Margin of Error!!HOUSEHOLDS BY TYPE!!Total households!!Male householder, no spouse/partner present!!With children of the householder under 18 years"
"DP02PR_0008E","Estimate!!HOUSEHOLDS BY TYPE!!Total households!!Male householder, no spouse/partner present!!Householder living alone"
"DP02PR_0008M","Margin of Error!!HOUSEHOLDS BY TYPE!!Total households!!Male householder, no spouse/partner present!!Householder living alone"
"DP02PR_0009E","Estimate!!HOUSEHOLDS BY TYPE!!Total households!!Male householder, no spouse/partner present!!Householder living alone!!65 years and over"
"DP02PR_0009M","Margin of Error!!HOUSEHOLDS BY TYPE!!Total households!!Male householder, no spouse/partner present!!Householder living alone!!65 years and over"
"DP02PR_0010E","Estimate!!HOUSEHOLDS BY TYPE!!Total households!!Female householder, no spouse/partner present"
"DP02PR_0010M","Margin of Error!!HOUSEHOLDS BY TYPE!!Total households!!Female householder, no spouse/partner present"
"DP02PR_0011E","Estimate!!HOUSEHOLDS BY TYPE!!Total households!!Female householder, no spouse/partner present!!With children of the householder under 18 years"
"DP02PR_0011M","Margin of Error!!HOUSEHOLDS BY TYPE!!Total households!!Female householder, no spouse/partner present!!With children of the householder under 18 years"
"DP02PR_0012E","Estimate!!HOUSEHOLDS BY TYPE!!Total households!!Female householder, no spouse/partner present!!Householder living alone"
"DP02PR_0012M","Margin of Error!!HOUSEHOLDS BY TYPE!!Total households!!Female householder, no spouse/partner present!!Householder living alone"
"DP02PR_0013E","Estimate!!HOUSEHOLDS BY TYPE!!Total households!!Female householder, no spouse/partner present!!Householder living alone!!65 years and over"
"DP02PR_0013M","Margin of Error!!HOUSEHOLDS BY TYPE!!Total households!!Female householder, no spouse/partner present!!Householder living alone!!65 years and over"
"DP02PR_0014E","Estimate!!HOUSEHOLDS BY TYPE!!Total households!!Households with one or more people under 18 years"
"DP02PR_0014M","Margin of Error!!HOUSEHOLDS BY TYPE!!Total households!!Households with one or more people under 18 years"
"DP02PR_0015E","Estimate!!HOUSEHOLDS BY TYPE!!Total households!!Households with one or more people 65 years and over"
"DP02PR_0015M","Margin of Error!!HOUSEHOLDS BY TYPE!!Total households!!Households with one or more people 65 years and over"
"DP02PR_0016E","Estimate!!HOUSEHOLDS BY TYPE!!Total households!!Average household size"
"DP02PR_0016M","Margin of Error!!HOUSEHOLDS BY TYPE!!Total households!!Average household size"
"DP02PR_0017E","Estimate!!HOUSEHOLDS BY TYPE!!Total households!!Average family size"
"DP02PR_0017M","Margin of Error!!HOUSEHOLDS BY TYPE!!Total households!!Average family size"
"DP02PR_0018E","Estimate!!RELATIONSHIP!!Population in households"
"DP02PR_0018M","Margin of Error!!RELATIONSHIP!!Population in households"
"DP02PR_0019E","Estimate!!RELATIONSHIP!!Population in households!!Householder"
"DP02PR_0019M","Margin of Error!!RELATIONSHIP!!Population in households!!Householder"
"DP02PR_0020E","Estimate!!RELATIONSHIP!!Population in households!!Spouse"
"DP02PR_0020M","Margin of Error!!RELATIONSHIP!!Population in households!!Spouse"
"DP02PR_0021E","Estimate!!RELATIONSHIP!!Population in households!!Unmarried partner"
"DP02PR_0021M","Margin of Error!!RELATIONSHIP!!Population in households!!Unmarried partner"
"DP02PR_0022E","Estimate!!RELATIONSHIP!!Population in households!!Child"
"DP02PR_0022M","Margin of Error!!RELATIONSHIP!!Population in households!!Child"
"DP02PR_0023E","Estimate!!RELATIONSHIP!!Population in households!!Other relatives"
"DP02PR_0023M","Margin of Error!!RELATIONSHIP!!Population in households!!Other relatives"
"DP02PR_0024E","Estimate!!RELATIONSHIP!!Population in households!!Other nonrelatives"
"DP02PR_0024M","Margin of Error!!RELATIONSHIP!!Population in households!!Other nonrelatives"
"DP02PR_0025E","Estimate!!MARITAL STATUS!!Males 15 years and over"
"DP02PR_0025M","Margin of Error!!MARITAL STATUS!!Males 15 years and over"
"DP02PR_0026E","Estimate!!MARITAL STATUS!!Males 15 years and over!!Never married"
"DP02PR_0026M","Margin of Error!!MARITAL STATUS!!Males 15 years and over!!Never married"
"DP02PR_0027E","Estimate!!MARITAL STATUS!!Males 15 years and over!!Now married, except separated"
"DP02PR_0027M","Margin of Error!!MARITAL STATUS!!Males 15 years and over!!Now married, except separated"
"DP02PR_0028E","Estimate!!MARITAL STATUS!!Males 15 years and over!!Separated"
"DP02PR_0028M","Margin of Error!!MARITAL STATUS!!Males 15 years and over!!Separated"
"DP02PR_0029E","Estimate!!MARITAL STATUS!!Males 15 years and over!!Widowed"
"DP02PR_0029M","Margin of Error!!MARITAL STATUS!!Males 15 years and over!!Widowed"
"DP02PR_0030E","Estimate!!MARITAL STATUS!!Males 15 years and over!!Divorced"
"DP02PR_0030M","Margin of Error!!MARITAL STATUS!!Males 15 years and over!!Divorced"
"DP02PR_0031E","Estimate!!MARITAL STATUS!!Females 15 years and over"
"DP02PR_0031M","Margin of Error!!MARITAL STATUS!!Females 15 years and over"
"DP02PR_0032E","Estimate!!MARITAL STATUS!!Females 15 years and over!!Never married"
"DP02PR_0032M","Margin of Error!!MARITAL STATUS!!Females 15 years and over!!Never married"
"DP02PR_0033E","Estimate!!MARITAL STATUS!!Females 15 years and over!!Now married, except separated"
"DP02PR_0033M","Margin of Error!!MARITAL STATUS!!Females 15 years and over!!Now married, except separated"
"DP02PR_0034E","Estimate!!MARITAL STATUS!!Females 15 years and over!!Separated"
"DP02PR_0034M","Margin of Error!!MARITAL STATUS!!Females 15 years and over!!Separated"
"DP02PR_0035E","Estimate!!MARITAL STATUS!!Females 15 years and over!!Widowed"
"DP02PR_0035M","Margin of Error!!MARITAL STATUS!!Females 15 years and over!!Widowed"
"DP02PR_0036E","Estimate!!MARITAL STATUS!!Females 15 years and over!!Divorced"
"DP02PR_0036M","Margin of Error!!MARITAL STATUS!!Females 15 years and over!!Divorced"
"DP02PR_0037E","Estimate!!FERTILITY!!Number of women 15 to 50 years old who had a birth in the past 12 months"
"DP02PR_0037M","Margin of Error!!FERTILITY!!Number of women 15 to 50 years old who had a birth in the past 12 months"
"DP02PR_0038E","Estimate!!FERTILITY!!Number of women 15 to 50 years old who had a birth in the past 12 months!!Unmarried women (widowed, divorced, and never married)"
"DP02PR_0038M","Margin of Error!!FERTILITY!!Number of women 15 to 50 years old who had a birth in the past 12 months!!Unmarried women (widowed, divorced, and never married)"
"DP02PR_0039E","Estimate!!FERTILITY!!Number of women 15 to 50 years old who had a birth in the past 12 months!!Unmarried women (widowed, divorced, and never married)!!Per 1,000 unmarried women"
"DP02PR_0039M","Margin of Error!!FERTILITY!!Number of women 15 to 50 years old who had a birth in the past 12 months!!Unmarried women (widowed, divorced, and never married)!!Per 1,000 unmarried women"
"DP02PR_0040E","Estimate!!FERTILITY!!Number of women 15 to 50 years old who had a birth in the past 12 months!!Per 1,000 women 15 to 50 years old"
"DP02PR_0040M","Margin of Error!!FERTILITY!!Number of women 15 to 50 years old who had a birth in the past 12 months!!Per 1,000 women 15 to 50 years old"
"DP02PR_0041E","Estimate!!FERTILITY!!Number of women 15 to 50 years old who had a birth in the past 12 months!!Per 1,000 women 15 to 19 years old"
"DP02PR_0041M","Margin of Error!!FERTILITY!!Number of women 15 to 50 years old who had a birth in the past 12 months!!Per 1,000 women 15 to 19 years old"
"DP02PR_0042E","Estimate!!FERTILITY!!Number of women 15 to 50 years old who had a birth in the past 12 months!!Per 1,000 women 20 to 34 years old"
"DP02PR_0042M","Margin of Error!!FERTILITY!!Number of women 15 to 50 years old who had a birth in the past 12 months!!Per 1,000 women 20 to 34 years old"
"DP02PR_0043E","Estimate!!FERTILITY!!Number of women 15 to 50 years old who had a birth in the past 12 months!!Per 1,000 women 35 to 50 years old"
"DP02PR_0043M","Margin of Error!!FERTILITY!!Number of women 15 to 50 years old who had a birth in the past 12 months!!Per 1,000 women 35 to 50 years old"
"DP02PR_0044E","Estimate!!GRANDPARENTS!!Number of grandparents living with own grandchildren under 18 years"
"DP02PR_0044M","Margin of Error!!GRANDPARENTS!!Number of grandparents living with own grandchildren under 18 years"
"DP02PR_0045E","Estimate!!GRANDPARENTS!!Number of grandparents living with own grandchildren under 18 years!!Grandparents responsible for grandchildren"
"DP02PR_0045M","Margin of Error!!GRANDPARENTS!!Number of grandparents living with own grandchildren under 18 years!!Grandparents responsible for grandchildren"
"DP02PR_0046E","Estimate!!GRANDPARENTS!!Number of grandparents living with own grandchildren under 18 years!!Years responsible for grandchildren!!Less than 1 year"
"DP02PR_0046M","Margin of Error!!GRANDPARENTS!!Number of grandparents living with own grandchildren under 18 years!!Years responsible for grandchildren!!Less than 1 year"
"DP02PR_0047E","Estimate!!GRANDPARENTS!!Number of grandparents living with own grandchildren under 18 years!!Years responsible for grandchildren!!1 or 2 years"
"DP02PR_0047M","Margin of Error!!GRANDPARENTS!!Number of grandparents living with own grandchildren under 18 years!!Years responsible for grandchildren!!1 or 2 years"
"DP02PR_0048E","Estimate!!GRANDPARENTS!!Number of grandparents living with own grandchildren under 18 years!!Years responsible for grandchildren!!3 or 4 years"
"DP02PR_0048M","Margin of Error!!GRANDPARENTS!!Number of grandparents living with own grandchildren under 18 years!!Years responsible for grandchildren!!3 or 4 years"
"DP02PR_0049E","Estimate!!GRANDPARENTS!!Number of grandparents living with own grandchildren under 18 years!!Years responsible for grandchildren!!5 or more years"
"DP02PR_0049M","Margin of Error!!GRANDPARENTS!!Number of grandparents living with own grandchildren under 18 years!!Years responsible for grandchildren!!5 or more years"
"DP02PR_0050E","Estimate!!GRANDPARENTS!!Number of grandparents responsible for own grandchildren under 18 years"
"DP02PR_0050M","Margin of Error!!GRANDPARENTS!!Number of grandparents responsible for own grandchildren under 18 years"
"DP02PR_0051E","Estimate!!GRANDPARENTS!!Number of grandparents responsible for own grandchildren under 18 years!!Who are female"
"DP02PR_0051M","Margin of Error!!GRANDPARENTS!!Number of grandparents responsible for own grandchildren under 18 years!!Who are female"
"DP02PR_0052E","Estimate!!GRANDPARENTS!!Number of grandparents responsible for own grandchildren under 18 years!!Who are married"
"DP02PR_0052M","Margin of Error!!GRANDPARENTS!!Number of grandparents responsible for own grandchildren under 18 years!!Who are married"
"DP02PR_0053E","Estimate!!SCHOOL ENROLLMENT!!Population 3 years and over enrolled in school"
"DP02PR_0053M","Margin of Error!!SCHOOL ENROLLMENT!!Population 3 years and over enrolled in school"
"DP02PR_0054E","Estimate!!SCHOOL ENROLLMENT!!Population 3 years and over enrolled in school!!Nursery school, preschool"
"DP02PR_0054M","Margin of Error!!SCHOOL ENROLLMENT!!Population 3 years and over enrolled in school!!Nursery school, preschool"
"DP02PR_0055E","Estimate!!SCHOOL ENROLLMENT!!Population 3 years and over enrolled in school!!Kindergarten"
"DP02PR_0055M","Margin of Error!!SCHOOL ENROLLMENT!!Population 3 years and over enrolled in school!!Kindergarten"
"DP02PR_0056E","Estimate!!SCHOOL ENROLLMENT!!Population 3 years and over enrolled in school!!Elementary school (grades 1-8)"
"DP02PR_0056M","Margin of Error!!SCHOOL ENROLLMENT!!Population 3 years and over enrolled in school!!Elementary school (grades 1-8)"
"DP02PR_0057E","Estimate!!SCHOOL ENROLLMENT!!Population 3 years and over enrolled in school!!High school (grades 9-12)"
"DP02PR_0057M","Margin of Error!!SCHOOL ENROLLMENT!!Population 3 years and over enrolled in school!!High school (grades 9-12)"
"DP02PR_0058E","Estimate!!SCHOOL ENROLLMENT!!Population 3 years and over enrolled in school!!College or graduate school"
"DP02PR_0058M","Margin of Error!!SCHOOL ENROLLMENT!!Population 3 years and over enrolled in school!!College or graduate school"
"DP02PR_0059E","Estimate!!EDUCATIONAL ATTAINMENT!!Population 25 years and over"
"DP02PR_0059M","Margin of Error!!EDUCATIONAL ATTAINMENT!!Population 25 years and over"
"DP02PR_0060E","Estimate!!EDUCATIONAL ATTAINMENT!!Population 25 years and over!!Less than 9th grade"
"DP02PR_0060M","Margin of Error!!EDUCATIONAL ATTAINMENT!!Population 25 years and over!!Less than 9th grade"
"DP02PR_0061E","Estimate!!EDUCATIONAL ATTAINMENT!!Population 25 years and over!!9th to 12th grade, no diploma"
"DP02PR_0061M","Margin of Error!!EDUCATIONAL ATTAINMENT!!Population 25 years and over!!9th to 12th grade, no diploma"
"DP02PR_0062E","Estimate!!EDUCATIONAL ATTAINMENT!!Population 25 years and over!!High school graduate (includes equivalency)"
"DP02PR_0062M","Margin of Error!!EDUCATIONAL ATTAINMENT!!Population 25 years and over!!High school graduate (includes equivalency)"
"DP02PR_0063E","Estimate!!EDUCATIONAL ATTAINMENT!!Population 25 years and over!!Some college, no degree"
"DP02PR_0063M","Margin of Error!!EDUCATIONAL ATTAINMENT!!Population 25 years and over!!Some college, no degree"
"DP02PR_0064E","Estimate!!EDUCATIONAL ATTAINMENT!!Population 25 years and over!!Associate's degree"
"DP02PR_0064M","Margin of Error!!EDUCATIONAL ATTAINMENT!!Population 25 years and over!!Associate's degree"
"DP02PR_0065E","Estimate!!EDUCATIONAL ATTAINMENT!!Population 25 years and over!!Bachelor's degree"
"DP02PR_0065M","Margin of Error!!EDUCATIONAL ATTAINMENT!!Population 25 years and over!!Bachelor's degree"
"DP02PR_0066E","Estimate!!EDUCATIONAL ATTAINMENT!!Population 25 years and over!!Graduate or professional degree"
"DP02PR_0066M","Margin of Error!!EDUCATIONAL ATTAINMENT!!Population 25 years and over!!Graduate or professional degree"
"DP02PR_0067E","Estimate!!EDUCATIONAL ATTAINMENT!!Population 25 years and over!!High school graduate or higher"
"DP02PR_0067M","Margin of Error!!EDUCATIONAL ATTAINMENT!!Population 25 years and over!!High school graduate or higher"
"DP02PR_0068E","Estimate!!EDUCATIONAL ATTAINMENT!!Population 25 years and over!!Bachelor's degree or higher"
"DP02PR_0068M","Margin of Error!!EDUCATIONAL ATTAINMENT!!Population 25 years and over!!Bachelor's degree or higher"
"DP02PR_0069E","Estimate!!VETERAN STATUS!!Civilian population 18 years and over"
"DP02PR_0069M","Margin of Error!!VETERAN STATUS!!Civilian population 18 years and over"
"DP02PR_0070E","Estimate!!VETERAN STATUS!!Civilian population 18 years and over!!Civilian veterans"
"DP02PR_0070M","Margin of Error!!VETERAN STATUS!!Civilian population 18 years and over!!Civilian veterans"
"DP02PR_0071E","Estimate!!DISABILITY STATUS OF THE CIVILIAN NONINSTITUTIONALIZED POPULATION!!Total Civilian Noninstitutionalized Population"
"DP02PR_0071M","Margin of Error!!DISABILITY STATUS OF THE CIVILIAN NONINSTITUTIONALIZED POPULATION!!Total Civilian Noninstitutionalized Population"
"DP02PR_0072E","Estimate!!DISABILITY STATUS OF THE CIVILIAN NONINSTITUTIONALIZED POPULATION!!Total Civilian Noninstitutionalized Population!!With a disability"
"DP02PR_0072M","Margin of Error!!DISABILITY STATUS OF THE CIVILIAN NONINSTITUTIONALIZED POPULATION!!Total Civilian Noninstitutionalized Population!!With a disability"
"DP02PR_0073E","Estimate!!DISABILITY STATUS OF THE CIVILIAN NONINSTITUTIONALIZED POPULATION!!Under 18 years"
"DP02PR_0073M","Margin of Error!!DISABILITY STATUS OF THE CIVILIAN NONINSTITUTIONALIZED POPULATION!!Under 18 years"
"DP02PR_0074E","Estimate!!DISABILITY STATUS OF THE CIVILIAN NONINSTITUTIONALIZED POPULATION!!Under 18 years!!With a disability"
"DP02PR_0074M","Margin of Error!!DISABILITY STATUS OF THE CIVILIAN NONINSTITUTIONALIZED POPULATION!!Under 18 years!!With a disability"
"DP02PR_0075E","Estimate!!DISABILITY STATUS OF THE CIVILIAN NONINSTITUTIONALIZED POPULATION!!18 to 64 years"
"DP02PR_0075M","Margin of Error!!DISABILITY STATUS OF THE CIVILIAN NONINSTITUTIONALIZED POPULATION!!18 to 64 years"
"DP02PR_0076E","Estimate!!DISABILITY STATUS OF THE CIVILIAN NONINSTITUTIONALIZED POPULATION!!18 to 64 years!!With a disability"
"DP02PR_0076M","Margin of Error!!DISABILITY STATUS OF THE CIVILIAN NONINSTITUTIONALIZED POPULATION!!18 to 64 years!!With a disability"
"DP02PR_0077E","Estimate!!DISABILITY STATUS OF THE CIVILIAN NONINSTITUTIONALIZED POPULATION!!65 years and over"
"DP02PR_0077M","Margin of Error!!DISABILITY STATUS OF THE CIVILIAN NONINSTITUTIONALIZED POPULATION!!65 years and over"
"DP02PR_0078E","Estimate!!DISABILITY STATUS OF THE CIVILIAN NONINSTITUTIONALIZED POPULATION!!65 years and over!!With a disability"
"DP02PR_0078M","Margin of Error!!DISABILITY STATUS OF THE CIVILIAN NONINSTITUTIONALIZED POPULATION!!65 years and over!!With a disability"
"DP02PR_0079E","Estimate!!RESIDENCE 1 YEAR AGO!!Population 1 year and over"
"DP02PR_0079M","Margin of Error!!RESIDENCE 1 YEAR AGO!!Population 1 year and over"
"DP02PR_0080E","Estimate!!RESIDENCE 1 YEAR AGO!!Population 1 year and over!!Same house"
"DP02PR_0080M","Margin of Error!!RESIDENCE 1 YEAR AGO!!Population 1 year and over!!Same house"
"DP02PR_0081E","Estimate!!RESIDENCE 1 YEAR AGO!!Population 1 year and over!!Different house (in Puerto Rico, the U.S., or elsewhere)"
"DP02PR_0081M","Margin of Error!!RESIDENCE 1 YEAR AGO!!Population 1 year and over!!Different house (in Puerto Rico, the U.S., or elsewhere)"
"DP02PR_0082E","Estimate!!RESIDENCE 1 YEAR AGO!!Population 1 year and over!!Different house (in Puerto Rico, the U.S., or elsewhere)!!Different house in Puerto Rico or the U.S."
"DP02PR_0082M","Margin of Error!!RESIDENCE 1 YEAR AGO!!Population 1 year and over!!Different house (in Puerto Rico, the U.S., or elsewhere)!!Different house in Puerto Rico or the U.S."
"DP02PR_0083E","Estimate!!RESIDENCE 1 YEAR AGO!!Population 1 year and over!!Different house (in Puerto Rico, the U.S., or elsewhere)!!Different house in Puerto Rico or the U.S.!!In Puerto Rico"
"DP02PR_0083M","Margin of Error!!RESIDENCE 1 YEAR AGO!!Population 1 year and over!!Different house (in Puerto Rico, the U.S., or elsewhere)!!Different house in Puerto Rico or the U.S.!!In Puerto Rico"
"DP02PR_0084E","Estimate!!RESIDENCE 1 YEAR AGO!!Population 1 year and over!!Different house (in Puerto Rico, the U.S., or elsewhere)!!Different house in Puerto Rico or the U.S.!!In Puerto Rico!!Same municipio"
"DP02PR_0084M","Margin of Error!!RESIDENCE 1 YEAR AGO!!Population 1 year and over!!Different house (in Puerto Rico, the U.S., or elsewhere)!!Different house in Puerto Rico or the U.S.!!In Puerto Rico!!Same municipio"
"DP02PR_0085E","Estimate!!RESIDENCE 1 YEAR AGO!!Population 1 year and over!!Different house (in Puerto Rico, the U.S., or elsewhere)!!Different house in Puerto Rico or the U.S.!!In Puerto Rico!!Different municipio"
"DP02PR_0085M","Margin of Error!!RESIDENCE 1 YEAR AGO!!Population 1 year and over!!Different house (in Puerto Rico, the U.S., or elsewhere)!!Different house in Puerto Rico or the U.S.!!In Puerto Rico!!Different municipio"
"DP02PR_0086E","Estimate!!RESIDENCE 1 YEAR AGO!!Population 1 year and over!!Different house (in Puerto Rico, the U.S., or elsewhere)!!Different house in Puerto Rico or the U.S.!!In the United States"
"DP02PR_0086M","Margin of Error!!RESIDENCE 1 YEAR AGO!!Population 1 year and over!!Different house (in Puerto Rico, the U.S., or elsewhere)!!Different house in Puerto Rico or the U.S.!!In the United States"
"DP02PR_0087E","Estimate!!RESIDENCE 1 YEAR AGO!!Population 1 year and over!!Different house (in Puerto Rico, the U.S., or elsewhere)!!Elsewhere"
"DP02PR_0087M","Margin of Error!!RESIDENCE 1 YEAR AGO!!Population 1 year and over!!Different house (in Puerto Rico, the U.S., or elsewhere)!!Elsewhere"
"DP02PR_0088E","Estimate!!PLACE OF BIRTH!!Total population"
"DP02PR_0088M","Margin of Error!!PLACE OF BIRTH!!Total population"
"DP02PR_0089E","Estimate!!PLACE OF BIRTH!!Total population!!Native"
"DP02PR_0089M","Margin of Error!!PLACE OF BIRTH!!Total population!!Native"
"DP02PR_0090E","Estimate!!PLACE OF BIRTH!!Total population!!Native!!Born in Puerto Rico or the United States"
"DP02PR_0090M","Margin of Error!!PLACE OF BIRTH!!Total population!!Native!!Born in Puerto Rico or the United States"
"DP02PR_0091E","Estimate!!PLACE OF BIRTH!!Total population!!Native!!Born in Puerto Rico or the United States!!In Puerto Rico"
"DP02PR_0091M","Margin of Error!!PLACE OF BIRTH!!Total population!!Native!!Born in Puerto Rico or the United States!!In Puerto Rico"
"DP02PR_0092E","Estimate!!PLACE OF BIRTH!!Total population!!Native!!Born in Puerto Rico or the United States!!In the United States"
"DP02PR_0092M","Margin of Error!!PLACE OF BIRTH!!Total population!!Native!!Born in Puerto Rico or the United States!!In the United States"
"DP02PR_0093E","Estimate!!PLACE OF BIRTH!!Total population!!Native!!Born in U.S. Island Areas, or born abroad of American parents"
"DP02PR_0093M","Margin of Error!!PLACE OF BIRTH!!Total population!!Native!!Born in U.S. Island Areas, or born abroad of American parents"
"DP02PR_0094E","Estimate!!PLACE OF BIRTH!!Total population!!Foreign born"
"DP02PR_0094M","Margin of Error!!PLACE OF BIRTH!!Total population!!Foreign born"
"DP02PR_0095E","Estimate!!U.S. CITIZENSHIP STATUS!!Foreign-born population"
"DP02PR_0095M","Margin of Error!!U.S. CITIZENSHIP STATUS!!Foreign-born population"
"DP02PR_0096E","Estimate!!U.S. CITIZENSHIP STATUS!!Foreign-born population!!Naturalized U.S. citizen"
"DP02PR_0096M","Margin of Error!!U.S. CITIZENSHIP STATUS!!Foreign-born population!!Naturalized U.S. citizen"
"DP02PR_0097E","Estimate!!U.S. CITIZENSHIP STATUS!!Foreign-born population!!Not a U.S. citizen"
"DP02PR_0097M","Margin of Error!!U.S. CITIZENSHIP STATUS!!Foreign-born population!!Not a U.S. citizen"
"DP02PR_0098E","Estimate!!YEAR OF ENTRY!!Population born outside Puerto Rico"
"DP02PR_0098M","Margin of Error!!YEAR OF ENTRY!!Population born outside Puerto Rico"
"DP02PR_0099E","Estimate!!YEAR OF ENTRY!!Population born outside Puerto Rico!!Native"
"DP02PR_0099M","Margin of Error!!YEAR OF ENTRY!!Population born outside Puerto Rico!!Native"
"DP02PR_0100E","Estimate!!YEAR OF ENTRY!!Population born outside Puerto Rico!!Native!!Entered 2010 or later"
"DP02PR_0100M","Margin of Error!!YEAR OF ENTRY!!Population born outside Puerto Rico!!Native!!Entered 2010 or later"
"DP02PR_0101E","Estimate!!YEAR OF ENTRY!!Population born outside Puerto Rico!!Native!!Entered before 2010"
"DP02PR_0101M","Margin of Error!!YEAR OF ENTRY!!Population born outside Puerto Rico!!Native!!Entered before 2010"
"DP02PR_0102E","Estimate!!YEAR OF ENTRY!!Population born outside Puerto Rico!!Foreign born"
"DP02PR_0102M","Margin of Error!!YEAR OF ENTRY!!Population born outside Puerto Rico!!Foreign born"
"DP02PR_0103E","Estimate!!YEAR OF ENTRY!!Population born outside Puerto Rico!!Foreign born!!Entered 2010 or later"
"DP02PR_0103M","Margin of Error!!YEAR OF ENTRY!!Population born outside Puerto Rico!!Foreign born!!Entered 2010 or later"
"DP02PR_0104E","Estimate!!YEAR OF ENTRY!!Population born outside Puerto Rico!!Foreign born!!Entered before 2010"
"DP02PR_0104M","Margin of Error!!YEAR OF ENTRY!!Population born outside Puerto Rico!!Foreign born!!Entered before 2010"
"DP02PR_0105E","Estimate!!WORLD REGION OF BIRTH OF FOREIGN BORN!!Foreign-born population, excluding population born at sea"
"DP02PR_0105M","Margin of Error!!WORLD REGION OF BIRTH OF FOREIGN BORN!!Foreign-born population, excluding population born at sea"
"DP02PR_0106E","Estimate!!WORLD REGION OF BIRTH OF FOREIGN BORN!!Foreign-born population, excluding population born at sea!!Europe"
"DP02PR_0106M","Margin of Error!!WORLD REGION OF BIRTH OF FOREIGN BORN!!Foreign-born population, excluding population born at sea!!Europe"
"DP02PR_0107E","Estimate!!WORLD REGION OF BIRTH OF FOREIGN BORN!!Foreign-born population, excluding population born at sea!!Asia"
"DP02PR_0107M","Margin of Error!!WORLD REGION OF BIRTH OF FOREIGN BORN!!Foreign-born population, excluding population born at sea!!Asia"
"DP02PR_0108E","Estimate!!WORLD REGION OF BIRTH OF FOREIGN BORN!!Foreign-born population, excluding population born at sea!!Africa"
"DP02PR_0108M","Margin of Error!!WORLD REGION OF BIRTH OF FOREIGN BORN!!Foreign-born population, excluding population born at sea!!Africa"
"DP02PR_0109E","Estimate!!WORLD REGION OF BIRTH OF FOREIGN BORN!!Foreign-born population, excluding population born at sea!!Oceania"
"DP02PR_0109M","Margin of Error!!WORLD REGION OF BIRTH OF FOREIGN BORN!!Foreign-born population, excluding population born at sea!!Oceania"
"DP02PR_0110E","Estimate!!WORLD REGION OF BIRTH OF FOREIGN BORN!!Foreign-born population, excluding population born at sea!!Latin America"
"DP02PR_0110M","Margin of Error!!WORLD REGION OF BIRTH OF FOREIGN BORN!!Foreign-born population, excluding population born at sea!!Latin America"
"DP02PR_0111E","Estimate!!WORLD REGION OF BIRTH OF FOREIGN BORN!!Foreign-born population, excluding population born at sea!!Northern America"
"DP02PR_0111M","Margin of Error!!WORLD REGION OF BIRTH OF FOREIGN BORN!!Foreign-born population, excluding population born at sea!!Northern America"
"DP02PR_0112E","Estimate!!LANGUAGE SPOKEN AT HOME!!Population 5 years and over"
"DP02PR_0112M","Margin of Error!!LANGUAGE SPOKEN AT HOME!!Population 5 years and over"
"DP02PR_0113E","Estimate!!LANGUAGE SPOKEN AT HOME!!Population 5 years and over!!English only"
"DP02PR_0113M","Margin of Error!!LANGUAGE SPOKEN AT HOME!!Population 5 years and over!!English only"
"DP02PR_0114E","Estimate!!LANGUAGE SPOKEN AT HOME!!Population 5 years and over!!Language other than English"
"DP02PR_0114M","Margin of Error!!LANGUAGE SPOKEN AT HOME!!Population 5 years and over!!Language other than English"
"DP02PR_0115E","Estimate!!LANGUAGE SPOKEN AT HOME!!Population 5 years and over!!Language other than English!!Speak English less than "very well""
"DP02PR_0115M","Margin of Error!!LANGUAGE SPOKEN AT HOME!!Population 5 years and over!!Language other than English!!Speak English less than "very well""
"DP02PR_0116E","Estimate!!LANGUAGE SPOKEN AT HOME!!Population 5 years and over!!Spanish"
"DP02PR_0116M","Margin of Error!!LANGUAGE SPOKEN AT HOME!!Population 5 years and over!!Spanish"
"DP02PR_0117E","Estimate!!LANGUAGE SPOKEN AT HOME!!Population 5 years and over!!Spanish!!Speak English less than "very well""
"DP02PR_0117M","Margin of Error!!LANGUAGE SPOKEN AT HOME!!Population 5 years and over!!Spanish!!Speak English less than "very well""
"DP02PR_0118E","Estimate!!LANGUAGE SPOKEN AT HOME!!Population 5 years and over!!Other Indo-European languages"
"DP02PR_0118M","Margin of Error!!LANGUAGE SPOKEN AT HOME!!Population 5 years and over!!Other Indo-European languages"
"DP02PR_0119E","Estimate!!LANGUAGE SPOKEN AT HOME!!Population 5 years and over!!Other Indo-European languages!!Speak English less than "very well""
"DP02PR_0119M","Margin of Error!!LANGUAGE SPOKEN AT HOME!!Population 5 years and over!!Other Indo-European languages!!Speak English less than "very well""
"DP02PR_0120E","Estimate!!LANGUAGE SPOKEN AT HOME!!Population 5 years and over!!Asian and Pacific Islander languages"
"DP02PR_0120M","Margin of Error!!LANGUAGE SPOKEN AT HOME!!Population 5 years and over!!Asian and Pacific Islander languages"
"DP02PR_0121E","Estimate!!LANGUAGE SPOKEN AT HOME!!Population 5 years and over!!Asian and Pacific Islander languages!!Speak English less than "very well""
"DP02PR_0121M","Margin of Error!!LANGUAGE SPOKEN AT HOME!!Population 5 years and over!!Asian and Pacific Islander languages!!Speak English less than "very well""
"DP02PR_0122E","Estimate!!LANGUAGE SPOKEN AT HOME!!Population 5 years and over!!Other languages"
"DP02PR_0122M","Margin of Error!!LANGUAGE SPOKEN AT HOME!!Population 5 years and over!!Other languages"
"DP02PR_0123E","Estimate!!LANGUAGE SPOKEN AT HOME!!Population 5 years and over!!Other languages!!Speak English less than "very well""
"DP02PR_0123M","Margin of Error!!LANGUAGE SPOKEN AT HOME!!Population 5 years and over!!Other languages!!Speak English less than "very well""
"DP02PR_0124E","Estimate!!ANCESTRY!!Total population"
"DP02PR_0124M","Margin of Error!!ANCESTRY!!Total population"
"DP02PR_0125E","Estimate!!ANCESTRY!!Total population!!American"
"DP02PR_0125M","Margin of Error!!ANCESTRY!!Total population!!American"
"DP02PR_0126E","Estimate!!ANCESTRY!!Total population!!Arab"
"DP02PR_0126M","Margin of Error!!ANCESTRY!!Total population!!Arab"
"DP02PR_0127E","Estimate!!ANCESTRY!!Total population!!Czech"
"DP02PR_0127M","Margin of Error!!ANCESTRY!!Total population!!Czech"
"DP02PR_0128E","Estimate!!ANCESTRY!!Total population!!Danish"
"DP02PR_0128M","Margin of Error!!ANCESTRY!!Total population!!Danish"
"DP02PR_0129E","Estimate!!ANCESTRY!!Total population!!Dutch"
"DP02PR_0129M","Margin of Error!!ANCESTRY!!Total population!!Dutch"
"DP02PR_0130E","Estimate!!ANCESTRY!!Total population!!English"
"DP02PR_0130M","Margin of Error!!ANCESTRY!!Total population!!English"
"DP02PR_0131E","Estimate!!ANCESTRY!!Total population!!French (except Basque)"
"DP02PR_0131M","Margin of Error!!ANCESTRY!!Total population!!French (except Basque)"
"DP02PR_0132E","Estimate!!ANCESTRY!!Total population!!French Canadian"
"DP02PR_0132M","Margin of Error!!ANCESTRY!!Total population!!French Canadian"
"DP02PR_0133E","Estimate!!ANCESTRY!!Total population!!German"
"DP02PR_0133M","Margin of Error!!ANCESTRY!!Total population!!German"
"DP02PR_0134E","Estimate!!ANCESTRY!!Total population!!Greek"
"DP02PR_0134M","Margin of Error!!ANCESTRY!!Total population!!Greek"
"DP02PR_0135E","Estimate!!ANCESTRY!!Total population!!Hungarian"
"DP02PR_0135M","Margin of Error!!ANCESTRY!!Total population!!Hungarian"
"DP02PR_0136E","Estimate!!ANCESTRY!!Total population!!Irish"
"DP02PR_0136M","Margin of Error!!ANCESTRY!!Total population!!Irish"
"DP02PR_0137E","Estimate!!ANCESTRY!!Total population!!Italian"
"DP02PR_0137M","Margin of Error!!ANCESTRY!!Total population!!Italian"
"DP02PR_0138E","Estimate!!ANCESTRY!!Total population!!Lithuanian"
"DP02PR_0138M","Margin of Error!!ANCESTRY!!Total population!!Lithuanian"
"DP02PR_0139E","Estimate!!ANCESTRY!!Total population!!Norwegian"
"DP02PR_0139M","Margin of Error!!ANCESTRY!!Total population!!Norwegian"
"DP02PR_0140E","Estimate!!ANCESTRY!!Total population!!Polish"
"DP02PR_0140M","Margin of Error!!ANCESTRY!!Total population!!Polish"
"DP02PR_0141E","Estimate!!ANCESTRY!!Total population!!Portuguese"
"DP02PR_0141M","Margin of Error!!ANCESTRY!!Total population!!Portuguese"
"DP02PR_0142E","Estimate!!ANCESTRY!!Total population!!Russian"
"DP02PR_0142M","Margin of Error!!ANCESTRY!!Total population!!Russian"
"DP02PR_0143E","Estimate!!ANCESTRY!!Total population!!Scotch-Irish"
"DP02PR_0143M","Margin of Error!!ANCESTRY!!Total population!!Scotch-Irish"
"DP02PR_0144E","Estimate!!ANCESTRY!!Total population!!Scottish"
"DP02PR_0144M","Margin of Error!!ANCESTRY!!Total population!!Scottish"
"DP02PR_0145E","Estimate!!ANCESTRY!!Total population!!Slovak"
"DP02PR_0145M","Margin of Error!!ANCESTRY!!Total population!!Slovak"
"DP02PR_0146E","Estimate!!ANCESTRY!!Total population!!Subsaharan African"
"DP02PR_0146M","Margin of Error!!ANCESTRY!!Total population!!Subsaharan African"
"DP02PR_0147E","Estimate!!ANCESTRY!!Total population!!Swedish"
"DP02PR_0147M","Margin of Error!!ANCESTRY!!Total population!!Swedish"
"DP02PR_0148E","Estimate!!ANCESTRY!!Total population!!Swiss"
"DP02PR_0148M","Margin of Error!!ANCESTRY!!Total population!!Swiss"
"DP02PR_0149E","Estimate!!ANCESTRY!!Total population!!Ukrainian"
"DP02PR_0149M","Margin of Error!!ANCESTRY!!Total population!!Ukrainian"
"DP02PR_0150E","Estimate!!ANCESTRY!!Total population!!Welsh"
"DP02PR_0150M","Margin of Error!!ANCESTRY!!Total population!!Welsh"
"DP02PR_0151E","Estimate!!ANCESTRY!!Total population!!West Indian (excluding Hispanic origin groups)"
"DP02PR_0151M","Margin of Error!!ANCESTRY!!Total population!!West Indian (excluding Hispanic origin groups)"
"DP02PR_0152E","Estimate!!COMPUTERS AND INTERNET USE!!Total households"
"DP02PR_0152M","Margin of Error!!COMPUTERS AND INTERNET USE!!Total households"
"DP02PR_0153E","Estimate!!COMPUTERS AND INTERNET USE!!Total households!!With a computer"
"DP02PR_0153M","Margin of Error!!COMPUTERS AND INTERNET USE!!Total households!!With a computer"
"DP02PR_0154E","Estimate!!COMPUTERS AND INTERNET USE!!Total households!!With a broadband Internet subscription"
"DP02PR_0154M","Margin of Error!!COMPUTERS AND INTERNET USE!!Total households!!With a broadband Internet subscription"
"DP02PR_0001PE","Percent!!HOUSEHOLDS BY TYPE!!Total households"
"DP02PR_0001PM","Percent Margin of Error!!HOUSEHOLDS BY TYPE!!Total households"
"DP02PR_0002PE","Percent!!HOUSEHOLDS BY TYPE!!Total households!!Married-couple household"
"DP02PR_0002PM","Percent Margin of Error!!HOUSEHOLDS BY TYPE!!Total households!!Married-couple household"
"DP02PR_0003PE","Percent!!HOUSEHOLDS BY TYPE!!Total households!!Married-couple household!!With children of the householder under 18 years"
"DP02PR_0003PM","Percent Margin of Error!!HOUSEHOLDS BY TYPE!!Total households!!Married-couple household!!With children of the householder under 18 years"
"DP02PR_0004PE","Percent!!HOUSEHOLDS BY TYPE!!Total households!!Cohabiting couple household"
"DP02PR_0004PM","Percent Margin of Error!!HOUSEHOLDS BY TYPE!!Total households!!Cohabiting couple household"
"DP02PR_0005PE","Percent!!HOUSEHOLDS BY TYPE!!Total households!!Cohabiting couple household!!With children of the householder under 18 years"
"DP02PR_0005PM","Percent Margin of Error!!HOUSEHOLDS BY TYPE!!Total households!!Cohabiting couple household!!With children of the householder under 18 years"
"DP02PR_0006PE","Percent!!HOUSEHOLDS BY TYPE!!Total households!!Male householder, no spouse/partner present"
"DP02PR_0006PM","Percent Margin of Error!!HOUSEHOLDS BY TYPE!!Total households!!Male householder, no spouse/partner present"
"DP02PR_0007PE","Percent!!HOUSEHOLDS BY TYPE!!Total households!!Male householder, no spouse/partner present!!With children of the householder under 18 years"
"DP02PR_0007PM","Percent Margin of Error!!HOUSEHOLDS BY TYPE!!Total households!!Male householder, no spouse/partner present!!With children of the householder under 18 years"
"DP02PR_0008PE","Percent!!HOUSEHOLDS BY TYPE!!Total households!!Male householder, no spouse/partner present!!Householder living alone"
"DP02PR_0008PM","Percent Margin of Error!!HOUSEHOLDS BY TYPE!!Total households!!Male householder, no spouse/partner present!!Householder living alone"
"DP02PR_0009PE","Percent!!HOUSEHOLDS BY TYPE!!Total households!!Male householder, no spouse/partner present!!Householder living alone!!65 years and over"
"DP02PR_0009PM","Percent Margin of Error!!HOUSEHOLDS BY TYPE!!Total households!!Male householder, no spouse/partner present!!Householder living alone!!65 years and over"
"DP02PR_0010PE","Percent!!HOUSEHOLDS BY TYPE!!Total households!!Female householder, no spouse/partner present"
"DP02PR_0010PM","Percent Margin of Error!!HOUSEHOLDS BY TYPE!!Total households!!Female householder, no spouse/partner present"
"DP02PR_0011PE","Percent!!HOUSEHOLDS BY TYPE!!Total households!!Female householder, no spouse/partner present!!With children of the householder under 18 years"
"DP02PR_0011PM","Percent Margin of Error!!HOUSEHOLDS BY TYPE!!Total households!!Female householder, no spouse/partner present!!With children of the householder under 18 years"
"DP02PR_0012PE","Percent!!HOUSEHOLDS BY TYPE!!Total households!!Female householder, no spouse/partner present!!Householder living alone"
"DP02PR_0012PM","Percent Margin of Error!!HOUSEHOLDS BY TYPE!!Total households!!Female householder, no spouse/partner present!!Householder living alone"
"DP02PR_0013PE","Percent!!HOUSEHOLDS BY TYPE!!Total households!!Female householder, no spouse/partner present!!Householder living alone!!65 years and over"
"DP02PR_0013PM","Percent Margin of Error!!HOUSEHOLDS BY TYPE!!Total households!!Female householder, no spouse/partner present!!Householder living alone!!65 years and over"
"DP02PR_0014PE","Percent!!HOUSEHOLDS BY TYPE!!Total households!!Households with one or more people under 18 years"
"DP02PR_0014PM","Percent Margin of Error!!HOUSEHOLDS BY TYPE!!Total households!!Households with one or more people under 18 years"
"DP02PR_0015PE","Percent!!HOUSEHOLDS BY TYPE!!Total households!!Households with one or more people 65 years and over"
"DP02PR_0015PM","Percent Margin of Error!!HOUSEHOLDS BY TYPE!!Total households!!Households with one or more people 65 years and over"
"DP02PR_0016PE","Percent!!HOUSEHOLDS BY TYPE!!Total households!!Average household size"
"DP02PR_0016PM","Percent Margin of Error!!HOUSEHOLDS BY TYPE!!Total households!!Average household size"
"DP02PR_0017PE","Percent!!HOUSEHOLDS BY TYPE!!Total households!!Average family size"
"DP02PR_0017PM","Percent Margin of Error!!HOUSEHOLDS BY TYPE!!Total households!!Average family size"
"DP02PR_0018PE","Percent!!RELATIONSHIP!!Population in households"
"DP02PR_0018PM","Percent Margin of Error!!RELATIONSHIP!!Population in households"
"DP02PR_0019PE","Percent!!RELATIONSHIP!!Population in households!!Householder"
"DP02PR_0019PM","Percent Margin of Error!!RELATIONSHIP!!Population in households!!Householder"
"DP02PR_0020PE","Percent!!RELATIONSHIP!!Population in households!!Spouse"
"DP02PR_0020PM","Percent Margin of Error!!RELATIONSHIP!!Population in households!!Spouse"
"DP02PR_0021PE","Percent!!RELATIONSHIP!!Population in households!!Unmarried partner"
"DP02PR_0021PM","Percent Margin of Error!!RELATIONSHIP!!Population in households!!Unmarried partner"
"DP02PR_0022PE","Percent!!RELATIONSHIP!!Population in households!!Child"
"DP02PR_0022PM","Percent Margin of Error!!RELATIONSHIP!!Population in households!!Child"
"DP02PR_0023PE","Percent!!RELATIONSHIP!!Population in households!!Other relatives"
"DP02PR_0023PM","Percent Margin of Error!!RELATIONSHIP!!Population in households!!Other relatives"
"DP02PR_0024PE","Percent!!RELATIONSHIP!!Population in households!!Other nonrelatives"
"DP02PR_0024PM","Percent Margin of Error!!RELATIONSHIP!!Population in households!!Other nonrelatives"
"DP02PR_0025PE","Percent!!MARITAL STATUS!!Males 15 years and over"
"DP02PR_0025PM","Percent Margin of Error!!MARITAL STATUS!!Males 15 years and over"
"DP02PR_0026PE","Percent!!MARITAL STATUS!!Males 15 years and over!!Never married"
"DP02PR_0026PM","Percent Margin of Error!!MARITAL STATUS!!Males 15 years and over!!Never married"
"DP02PR_0027PE","Percent!!MARITAL STATUS!!Males 15 years and over!!Now married, except separated"
"DP02PR_0027PM","Percent Margin of Error!!MARITAL STATUS!!Males 15 years and over!!Now married, except separated"
"DP02PR_0028PE","Percent!!MARITAL STATUS!!Males 15 years and over!!Separated"
"DP02PR_0028PM","Percent Margin of Error!!MARITAL STATUS!!Males 15 years and over!!Separated"
"DP02PR_0029PE","Percent!!MARITAL STATUS!!Males 15 years and over!!Widowed"
"DP02PR_0029PM","Percent Margin of Error!!MARITAL STATUS!!Males 15 years and over!!Widowed"
"DP02PR_0030PE","Percent!!MARITAL STATUS!!Males 15 years and over!!Divorced"
"DP02PR_0030PM","Percent Margin of Error!!MARITAL STATUS!!Males 15 years and over!!Divorced"
"DP02PR_0031PE","Percent!!MARITAL STATUS!!Females 15 years and over"
"DP02PR_0031PM","Percent Margin of Error!!MARITAL STATUS!!Females 15 years and over"
"DP02PR_0032PE","Percent!!MARITAL STATUS!!Females 15 years and over!!Never married"
"DP02PR_0032PM","Percent Margin of Error!!MARITAL STATUS!!Females 15 years and over!!Never married"
"DP02PR_0033PE","Percent!!MARITAL STATUS!!Females 15 years and over!!Now married, except separated"
"DP02PR_0033PM","Percent Margin of Error!!MARITAL STATUS!!Females 15 years and over!!Now married, except separated"
"DP02PR_0034PE","Percent!!MARITAL STATUS!!Females 15 years and over!!Separated"
"DP02PR_0034PM","Percent Margin of Error!!MARITAL STATUS!!Females 15 years and over!!Separated"
"DP02PR_0035PE","Percent!!MARITAL STATUS!!Females 15 years and over!!Widowed"
"DP02PR_0035PM","Percent Margin of Error!!MARITAL STATUS!!Females 15 years and over!!Widowed"
"DP02PR_0036PE","Percent!!MARITAL STATUS!!Females 15 years and over!!Divorced"
"DP02PR_0036PM","Percent Margin of Error!!MARITAL STATUS!!Females 15 years and over!!Divorced"
"DP02PR_0037PE","Percent!!FERTILITY!!Number of women 15 to 50 years old who had a birth in the past 12 months"
"DP02PR_0037PM","Percent Margin of Error!!FERTILITY!!Number of women 15 to 50 years old who had a birth in the past 12 months"
"DP02PR_0038PE","Percent!!FERTILITY!!Number of women 15 to 50 years old who had a birth in the past 12 months!!Unmarried women (widowed, divorced, and never married)"
"DP02PR_0038PM","Percent Margin of Error!!FERTILITY!!Number of women 15 to 50 years old who had a birth in the past 12 months!!Unmarried women (widowed, divorced, and never married)"
"DP02PR_0039PE","Percent!!FERTILITY!!Number of women 15 to 50 years old who had a birth in the past 12 months!!Unmarried women (widowed, divorced, and never married)!!Per 1,000 unmarried women"
"DP02PR_0039PM","Percent Margin of Error!!FERTILITY!!Number of women 15 to 50 years old who had a birth in the past 12 months!!Unmarried women (widowed, divorced, and never married)!!Per 1,000 unmarried women"
"DP02PR_0040PE","Percent!!FERTILITY!!Number of women 15 to 50 years old who had a birth in the past 12 months!!Per 1,000 women 15 to 50 years old"
"DP02PR_0040PM","Percent Margin of Error!!FERTILITY!!Number of women 15 to 50 years old who had a birth in the past 12 months!!Per 1,000 women 15 to 50 years old"
"DP02PR_0041PE","Percent!!FERTILITY!!Number of women 15 to 50 years old who had a birth in the past 12 months!!Per 1,000 women 15 to 19 years old"
"DP02PR_0041PM","Percent Margin of Error!!FERTILITY!!Number of women 15 to 50 years old who had a birth in the past 12 months!!Per 1,000 women 15 to 19 years old"
"DP02PR_0042PE","Percent!!FERTILITY!!Number of women 15 to 50 years old who had a birth in the past 12 months!!Per 1,000 women 20 to 34 years old"
"DP02PR_0042PM","Percent Margin of Error!!FERTILITY!!Number of women 15 to 50 years old who had a birth in the past 12 months!!Per 1,000 women 20 to 34 years old"
"DP02PR_0043PE","Percent!!FERTILITY!!Number of women 15 to 50 years old who had a birth in the past 12 months!!Per 1,000 women 35 to 50 years old"
"DP02PR_0043PM","Percent Margin of Error!!FERTILITY!!Number of women 15 to 50 years old who had a birth in the past 12 months!!Per 1,000 women 35 to 50 years old"
"DP02PR_0044PE","Percent!!GRANDPARENTS!!Number of grandparents living with own grandchildren under 18 years"
"DP02PR_0044PM","Percent Margin of Error!!GRANDPARENTS!!Number of grandparents living with own grandchildren under 18 years"
"DP02PR_0045PE","Percent!!GRANDPARENTS!!Number of grandparents living with own grandchildren under 18 years!!Grandparents responsible for grandchildren"
"DP02PR_0045PM","Percent Margin of Error!!GRANDPARENTS!!Number of grandparents living with own grandchildren under 18 years!!Grandparents responsible for grandchildren"
"DP02PR_0046PE","Percent!!GRANDPARENTS!!Number of grandparents living with own grandchildren under 18 years!!Years responsible for grandchildren!!Less than 1 year"
"DP02PR_0046PM","Percent Margin of Error!!GRANDPARENTS!!Number of grandparents living with own grandchildren under 18 years!!Years responsible for grandchildren!!Less than 1 year"
"DP02PR_0047PE","Percent!!GRANDPARENTS!!Number of grandparents living with own grandchildren under 18 years!!Years responsible for grandchildren!!1 or 2 years"
"DP02PR_0047PM","Percent Margin of Error!!GRANDPARENTS!!Number of grandparents living with own grandchildren under 18 years!!Years responsible for grandchildren!!1 or 2 years"
"DP02PR_0048PE","Percent!!GRANDPARENTS!!Number of grandparents living with own grandchildren under 18 years!!Years responsible for grandchildren!!3 or 4 years"
"DP02PR_0048PM","Percent Margin of Error!!GRANDPARENTS!!Number of grandparents living with own grandchildren under 18 years!!Years responsible for grandchildren!!3 or 4 years"
"DP02PR_0049PE","Percent!!GRANDPARENTS!!Number of grandparents living with own grandchildren under 18 years!!Years responsible for grandchildren!!5 or more years"
"DP02PR_0049PM","Percent Margin of Error!!GRANDPARENTS!!Number of grandparents living with own grandchildren under 18 years!!Years responsible for grandchildren!!5 or more years"
"DP02PR_0050PE","Percent!!GRANDPARENTS!!Number of grandparents responsible for own grandchildren under 18 years"
"DP02PR_0050PM","Percent Margin of Error!!GRANDPARENTS!!Number of grandparents responsible for own grandchildren under 18 years"
"DP02PR_0051PE","Percent!!GRANDPARENTS!!Number of grandparents responsible for own grandchildren under 18 years!!Who are female"
"DP02PR_0051PM","Percent Margin of Error!!GRANDPARENTS!!Number of grandparents responsible for own grandchildren under 18 years!!Who are female"
"DP02PR_0052PE","Percent!!GRANDPARENTS!!Number of grandparents responsible for own grandchildren under 18 years!!Who are married"
"DP02PR_0052PM","Percent Margin of Error!!GRANDPARENTS!!Number of grandparents responsible for own grandchildren under 18 years!!Who are married"
"DP02PR_0053PE","Percent!!SCHOOL ENROLLMENT!!Population 3 years and over enrolled in school"
"DP02PR_0053PM","Percent Margin of Error!!SCHOOL ENROLLMENT!!Population 3 years and over enrolled in school"
"DP02PR_0054PE","Percent!!SCHOOL ENROLLMENT!!Population 3 years and over enrolled in school!!Nursery school, preschool"
"DP02PR_0054PM","Percent Margin of Error!!SCHOOL ENROLLMENT!!Population 3 years and over enrolled in school!!Nursery school, preschool"
"DP02PR_0055PE","Percent!!SCHOOL ENROLLMENT!!Population 3 years and over enrolled in school!!Kindergarten"
"DP02PR_0055PM","Percent Margin of Error!!SCHOOL ENROLLMENT!!Population 3 years and over enrolled in school!!Kindergarten"
"DP02PR_0056PE","Percent!!SCHOOL ENROLLMENT!!Population 3 years and over enrolled in school!!Elementary school (grades 1-8)"
"DP02PR_0056PM","Percent Margin of Error!!SCHOOL ENROLLMENT!!Population 3 years and over enrolled in school!!Elementary school (grades 1-8)"
"DP02PR_0057PE","Percent!!SCHOOL ENROLLMENT!!Population 3 years and over enrolled in school!!High school (grades 9-12)"
"DP02PR_0057PM","Percent Margin of Error!!SCHOOL ENROLLMENT!!Population 3 years and over enrolled in school!!High school (grades 9-12)"
"DP02PR_0058PE","Percent!!SCHOOL ENROLLMENT!!Population 3 years and over enrolled in school!!College or graduate school"
"DP02PR_0058PM","Percent Margin of Error!!SCHOOL ENROLLMENT!!Population 3 years and over enrolled in school!!College or graduate school"
"DP02PR_0059PE","Percent!!EDUCATIONAL ATTAINMENT!!Population 25 years and over"
"DP02PR_0059PM","Percent Margin of Error!!EDUCATIONAL ATTAINMENT!!Population 25 years and over"
"DP02PR_0060PE","Percent!!EDUCATIONAL ATTAINMENT!!Population 25 years and over!!Less than 9th grade"
"DP02PR_0060PM","Percent Margin of Error!!EDUCATIONAL ATTAINMENT!!Population 25 years and over!!Less than 9th grade"
"DP02PR_0061PE","Percent!!EDUCATIONAL ATTAINMENT!!Population 25 years and over!!9th to 12th grade, no diploma"
"DP02PR_0061PM","Percent Margin of Error!!EDUCATIONAL ATTAINMENT!!Population 25 years and over!!9th to 12th grade, no diploma"
"DP02PR_0062PE","Percent!!EDUCATIONAL ATTAINMENT!!Population 25 years and over!!High school graduate (includes equivalency)"
"DP02PR_0062PM","Percent Margin of Error!!EDUCATIONAL ATTAINMENT!!Population 25 years and over!!High school graduate (includes equivalency)"
"DP02PR_0063PE","Percent!!EDUCATIONAL ATTAINMENT!!Population 25 years and over!!Some college, no degree"
"DP02PR_0063PM","Percent Margin of Error!!EDUCATIONAL ATTAINMENT!!Population 25 years and over!!Some college, no degree"
"DP02PR_0064PE","Percent!!EDUCATIONAL ATTAINMENT!!Population 25 years and over!!Associate's degree"
"DP02PR_0064PM","Percent Margin of Error!!EDUCATIONAL ATTAINMENT!!Population 25 years and over!!Associate's degree"
"DP02PR_0065PE","Percent!!EDUCATIONAL ATTAINMENT!!Population 25 years and over!!Bachelor's degree"
"DP02PR_0065PM","Percent Margin of Error!!EDUCATIONAL ATTAINMENT!!Population 25 years and over!!Bachelor's degree"
"DP02PR_0066PE","Percent!!EDUCATIONAL ATTAINMENT!!Population 25 years and over!!Graduate or professional degree"
"DP02PR_0066PM","Percent Margin of Error!!EDUCATIONAL ATTAINMENT!!Population 25 years and over!!Graduate or professional degree"
"DP02PR_0067PE","Percent!!EDUCATIONAL ATTAINMENT!!Population 25 years and over!!High school graduate or higher"
"DP02PR_0067PM","Percent Margin of Error!!EDUCATIONAL ATTAINMENT!!Population 25 years and over!!High school graduate or higher"
"DP02PR_0068PE","Percent!!EDUCATIONAL ATTAINMENT!!Population 25 years and over!!Bachelor's degree or higher"
"DP02PR_0068PM","Percent Margin of Error!!EDUCATIONAL ATTAINMENT!!Population 25 years and over!!Bachelor's degree or higher"
"DP02PR_0069PE","Percent!!VETERAN STATUS!!Civilian population 18 years and over"
"DP02PR_0069PM","Percent Margin of Error!!VETERAN STATUS!!Civilian population 18 years and over"
"DP02PR_0070PE","Percent!!VETERAN STATUS!!Civilian population 18 years and over!!Civilian veterans"
"DP02PR_0070PM","Percent Margin of Error!!VETERAN STATUS!!Civilian population 18 years and over!!Civilian veterans"
"DP02PR_0071PE","Percent!!DISABILITY STATUS OF THE CIVILIAN NONINSTITUTIONALIZED POPULATION!!Total Civilian Noninstitutionalized Population"
"DP02PR_0071PM","Percent Margin of Error!!DISABILITY STATUS OF THE CIVILIAN NONINSTITUTIONALIZED POPULATION!!Total Civilian Noninstitutionalized Population"
"DP02PR_0072PE","Percent!!DISABILITY STATUS OF THE CIVILIAN NONINSTITUTIONALIZED POPULATION!!Total Civilian Noninstitutionalized Population!!With a disability"
"DP02PR_0072PM","Percent Margin of Error!!DISABILITY STATUS OF THE CIVILIAN NONINSTITUTIONALIZED POPULATION!!Total Civilian Noninstitutionalized Population!!With a disability"
"DP02PR_0073PE","Percent!!DISABILITY STATUS OF THE CIVILIAN NONINSTITUTIONALIZED POPULATION!!Under 18 years"
"DP02PR_0073PM","Percent Margin of Error!!DISABILITY STATUS OF THE CIVILIAN NONINSTITUTIONALIZED POPULATION!!Under 18 years"
"DP02PR_0074PE","Percent!!DISABILITY STATUS OF THE CIVILIAN NONINSTITUTIONALIZED POPULATION!!Under 18 years!!With a disability"
"DP02PR_0074PM","Percent Margin of Error!!DISABILITY STATUS OF THE CIVILIAN NONINSTITUTIONALIZED POPULATION!!Under 18 years!!With a disability"
"DP02PR_0075PE","Percent!!DISABILITY STATUS OF THE CIVILIAN NONINSTITUTIONALIZED POPULATION!!18 to 64 years"
"DP02PR_0075PM","Percent Margin of Error!!DISABILITY STATUS OF THE CIVILIAN NONINSTITUTIONALIZED POPULATION!!18 to 64 years"
"DP02PR_0076PE","Percent!!DISABILITY STATUS OF THE CIVILIAN NONINSTITUTIONALIZED POPULATION!!18 to 64 years!!With a disability"
"DP02PR_0076PM","Percent Margin of Error!!DISABILITY STATUS OF THE CIVILIAN NONINSTITUTIONALIZED POPULATION!!18 to 64 years!!With a disability"
"DP02PR_0077PE","Percent!!DISABILITY STATUS OF THE CIVILIAN NONINSTITUTIONALIZED POPULATION!!65 years and over"
"DP02PR_0077PM","Percent Margin of Error!!DISABILITY STATUS OF THE CIVILIAN NONINSTITUTIONALIZED POPULATION!!65 years and over"
"DP02PR_0078PE","Percent!!DISABILITY STATUS OF THE CIVILIAN NONINSTITUTIONALIZED POPULATION!!65 years and over!!With a disability"
"DP02PR_0078PM","Percent Margin of Error!!DISABILITY STATUS OF THE CIVILIAN NONINSTITUTIONALIZED POPULATION!!65 years and over!!With a disability"
"DP02PR_0079PE","Percent!!RESIDENCE 1 YEAR AGO!!Population 1 year and over"
"DP02PR_0079PM","Percent Margin of Error!!RESIDENCE 1 YEAR AGO!!Population 1 year and over"
"DP02PR_0080PE","Percent!!RESIDENCE 1 YEAR AGO!!Population 1 year and over!!Same house"
"DP02PR_0080PM","Percent Margin of Error!!RESIDENCE 1 YEAR AGO!!Population 1 year and over!!Same house"
"DP02PR_0081PE","Percent!!RESIDENCE 1 YEAR AGO!!Population 1 year and over!!Different house (in Puerto Rico, the U.S., or elsewhere)"
"DP02PR_0081PM","Percent Margin of Error!!RESIDENCE 1 YEAR AGO!!Population 1 year and over!!Different house (in Puerto Rico, the U.S., or elsewhere)"
"DP02PR_0082PE","Percent!!RESIDENCE 1 YEAR AGO!!Population 1 year and over!!Different house (in Puerto Rico, the U.S., or elsewhere)!!Different house in Puerto Rico or the U.S."
"DP02PR_0082PM","Percent Margin of Error!!RESIDENCE 1 YEAR AGO!!Population 1 year and over!!Different house (in Puerto Rico, the U.S., or elsewhere)!!Different house in Puerto Rico or the U.S."
"DP02PR_0083PE","Percent!!RESIDENCE 1 YEAR AGO!!Population 1 year and over!!Different house (in Puerto Rico, the U.S., or elsewhere)!!Different house in Puerto Rico or the U.S.!!In Puerto Rico"
"DP02PR_0083PM","Percent Margin of Error!!RESIDENCE 1 YEAR AGO!!Population 1 year and over!!Different house (in Puerto Rico, the U.S., or elsewhere)!!Different house in Puerto Rico or the U.S.!!In Puerto Rico"
"DP02PR_0084PE","Percent!!RESIDENCE 1 YEAR AGO!!Population 1 year and over!!Different house (in Puerto Rico, the U.S., or elsewhere)!!Different house in Puerto Rico or the U.S.!!In Puerto Rico!!Same municipio"
"DP02PR_0084PM","Percent Margin of Error!!RESIDENCE 1 YEAR AGO!!Population 1 year and over!!Different house (in Puerto Rico, the U.S., or elsewhere)!!Different house in Puerto Rico or the U.S.!!In Puerto Rico!!Same municipio"
"DP02PR_0085PE","Percent!!RESIDENCE 1 YEAR AGO!!Population 1 year and over!!Different house (in Puerto Rico, the U.S., or elsewhere)!!Different house in Puerto Rico or the U.S.!!In Puerto Rico!!Different municipio"
"DP02PR_0085PM","Percent Margin of Error!!RESIDENCE 1 YEAR AGO!!Population 1 year and over!!Different house (in Puerto Rico, the U.S., or elsewhere)!!Different house in Puerto Rico or the U.S.!!In Puerto Rico!!Different municipio"
"DP02PR_0086PE","Percent!!RESIDENCE 1 YEAR AGO!!Population 1 year and over!!Different house (in Puerto Rico, the U.S., or elsewhere)!!Different house in Puerto Rico or the U.S.!!In the United States"
"DP02PR_0086PM","Percent Margin of Error!!RESIDENCE 1 YEAR AGO!!Population 1 year and over!!Different house (in Puerto Rico, the U.S., or elsewhere)!!Different house in Puerto Rico or the U.S.!!In the United States"
"DP02PR_0087PE","Percent!!RESIDENCE 1 YEAR AGO!!Population 1 year and over!!Different house (in Puerto Rico, the U.S., or elsewhere)!!Elsewhere"
"DP02PR_0087PM","Percent Margin of Error!!RESIDENCE 1 YEAR AGO!!Population 1 year and over!!Different house (in Puerto Rico, the U.S., or elsewhere)!!Elsewhere"
"DP02PR_0088PE","Percent!!PLACE OF BIRTH!!Total population"
"DP02PR_0088PM","Percent Margin of Error!!PLACE OF BIRTH!!Total population"
"DP02PR_0089PE","Percent!!PLACE OF BIRTH!!Total population!!Native"
"DP02PR_0089PM","Percent Margin of Error!!PLACE OF BIRTH!!Total population!!Native"
"DP02PR_0090PE","Percent!!PLACE OF BIRTH!!Total population!!Native!!Born in Puerto Rico or the United States"
"DP02PR_0090PM","Percent Margin of Error!!PLACE OF BIRTH!!Total population!!Native!!Born in Puerto Rico or the United States"
"DP02PR_0091PE","Percent!!PLACE OF BIRTH!!Total population!!Native!!Born in Puerto Rico or the United States!!In Puerto Rico"
"DP02PR_0091PM","Percent Margin of Error!!PLACE OF BIRTH!!Total population!!Native!!Born in Puerto Rico or the United States!!In Puerto Rico"
"DP02PR_0092PE","Percent!!PLACE OF BIRTH!!Total population!!Native!!Born in Puerto Rico or the United States!!In the United States"
"DP02PR_0092PM","Percent Margin of Error!!PLACE OF BIRTH!!Total population!!Native!!Born in Puerto Rico or the United States!!In the United States"
"DP02PR_0093PE","Percent!!PLACE OF BIRTH!!Total population!!Native!!Born in U.S. Island Areas, or born abroad of American parents"
"DP02PR_0093PM","Percent Margin of Error!!PLACE OF BIRTH!!Total population!!Native!!Born in U.S. Island Areas, or born abroad of American parents"
"DP02PR_0094PE","Percent!!PLACE OF BIRTH!!Total population!!Foreign born"
"DP02PR_0094PM","Percent Margin of Error!!PLACE OF BIRTH!!Total population!!Foreign born"
"DP02PR_0095PE","Percent!!U.S. CITIZENSHIP STATUS!!Foreign-born population"
"DP02PR_0095PM","Percent Margin of Error!!U.S. CITIZENSHIP STATUS!!Foreign-born population"
"DP02PR_0096PE","Percent!!U.S. CITIZENSHIP STATUS!!Foreign-born population!!Naturalized U.S. citizen"
"DP02PR_0096PM","Percent Margin of Error!!U.S. CITIZENSHIP STATUS!!Foreign-born population!!Naturalized U.S. citizen"
"DP02PR_0097PE","Percent!!U.S. CITIZENSHIP STATUS!!Foreign-born population!!Not a U.S. citizen"
"DP02PR_0097PM","Percent Margin of Error!!U.S. CITIZENSHIP STATUS!!Foreign-born population!!Not a U.S. citizen"
"DP02PR_0098PE","Percent!!YEAR OF ENTRY!!Population born outside Puerto Rico"
"DP02PR_0098PM","Percent Margin of Error!!YEAR OF ENTRY!!Population born outside Puerto Rico"
"DP02PR_0099PE","Percent!!YEAR OF ENTRY!!Population born outside Puerto Rico!!Native"
"DP02PR_0099PM","Percent Margin of Error!!YEAR OF ENTRY!!Population born outside Puerto Rico!!Native"
"DP02PR_0100PE","Percent!!YEAR OF ENTRY!!Population born outside Puerto Rico!!Native!!Entered 2010 or later"
"DP02PR_0100PM","Percent Margin of Error!!YEAR OF ENTRY!!Population born outside Puerto Rico!!Native!!Entered 2010 or later"
"DP02PR_0101PE","Percent!!YEAR OF ENTRY!!Population born outside Puerto Rico!!Native!!Entered before 2010"
"DP02PR_0101PM","Percent Margin of Error!!YEAR OF ENTRY!!Population born outside Puerto Rico!!Native!!Entered before 2010"
"DP02PR_0102PE","Percent!!YEAR OF ENTRY!!Population born outside Puerto Rico!!Foreign born"
"DP02PR_0102PM","Percent Margin of Error!!YEAR OF ENTRY!!Population born outside Puerto Rico!!Foreign born"
"DP02PR_0103PE","Percent!!YEAR OF ENTRY!!Population born outside Puerto Rico!!Foreign born!!Entered 2010 or later"
"DP02PR_0103PM","Percent Margin of Error!!YEAR OF ENTRY!!Population born outside Puerto Rico!!Foreign born!!Entered 2010 or later"
"DP02PR_0104PE","Percent!!YEAR OF ENTRY!!Population born outside Puerto Rico!!Foreign born!!Entered before 2010"
"DP02PR_0104PM","Percent Margin of Error!!YEAR OF ENTRY!!Population born outside Puerto Rico!!Foreign born!!Entered before 2010"
"DP02PR_0105PE","Percent!!WORLD REGION OF BIRTH OF FOREIGN BORN!!Foreign-born population, excluding population born at sea"
"DP02PR_0105PM","Percent Margin of Error!!WORLD REGION OF BIRTH OF FOREIGN BORN!!Foreign-born population, excluding population born at sea"
"DP02PR_0106PE","Percent!!WORLD REGION OF BIRTH OF FOREIGN BORN!!Foreign-born population, excluding population born at sea!!Europe"
"DP02PR_0106PM","Percent Margin of Error!!WORLD REGION OF BIRTH OF FOREIGN BORN!!Foreign-born population, excluding population born at sea!!Europe"
"DP02PR_0107PE","Percent!!WORLD REGION OF BIRTH OF FOREIGN BORN!!Foreign-born population, excluding population born at sea!!Asia"
"DP02PR_0107PM","Percent Margin of Error!!WORLD REGION OF BIRTH OF FOREIGN BORN!!Foreign-born population, excluding population born at sea!!Asia"
"DP02PR_0108PE","Percent!!WORLD REGION OF BIRTH OF FOREIGN BORN!!Foreign-born population, excluding population born at sea!!Africa"
"DP02PR_0108PM","Percent Margin of Error!!WORLD REGION OF BIRTH OF FOREIGN BORN!!Foreign-born population, excluding population born at sea!!Africa"
"DP02PR_0109PE","Percent!!WORLD REGION OF BIRTH OF FOREIGN BORN!!Foreign-born population, excluding population born at sea!!Oceania"
"DP02PR_0109PM","Percent Margin of Error!!WORLD REGION OF BIRTH OF FOREIGN BORN!!Foreign-born population, excluding population born at sea!!Oceania"
"DP02PR_0110PE","Percent!!WORLD REGION OF BIRTH OF FOREIGN BORN!!Foreign-born population, excluding population born at sea!!Latin America"
"DP02PR_0110PM","Percent Margin of Error!!WORLD REGION OF BIRTH OF FOREIGN BORN!!Foreign-born population, excluding population born at sea!!Latin America"
"DP02PR_0111PE","Percent!!WORLD REGION OF BIRTH OF FOREIGN BORN!!Foreign-born population, excluding population born at sea!!Northern America"
"DP02PR_0111PM","Percent Margin of Error!!WORLD REGION OF BIRTH OF FOREIGN BORN!!Foreign-born population, excluding population born at sea!!Northern America"
"DP02PR_0112PE","Percent!!LANGUAGE SPOKEN AT HOME!!Population 5 years and over"
"DP02PR_0112PM","Percent Margin of Error!!LANGUAGE SPOKEN AT HOME!!Population 5 years and over"
"DP02PR_0113PE","Percent!!LANGUAGE SPOKEN AT HOME!!Population 5 years and over!!English only"
"DP02PR_0113PM","Percent Margin of Error!!LANGUAGE SPOKEN AT HOME!!Population 5 years and over!!English only"
"DP02PR_0114PE","Percent!!LANGUAGE SPOKEN AT HOME!!Population 5 years and over!!Language other than English"
"DP02PR_0114PM","Percent Margin of Error!!LANGUAGE SPOKEN AT HOME!!Population 5 years and over!!Language other than English"
"DP02PR_0115PE","Percent!!LANGUAGE SPOKEN AT HOME!!Population 5 years and over!!Language other than English!!Speak English less than "very well""
"DP02PR_0115PM","Percent Margin of Error!!LANGUAGE SPOKEN AT HOME!!Population 5 years and over!!Language other than English!!Speak English less than "very well""
"DP02PR_0116PE","Percent!!LANGUAGE SPOKEN AT HOME!!Population 5 years and over!!Spanish"
"DP02PR_0116PM","Percent Margin of Error!!LANGUAGE SPOKEN AT HOME!!Population 5 years and over!!Spanish"
"DP02PR_0117PE","Percent!!LANGUAGE SPOKEN AT HOME!!Population 5 years and over!!Spanish!!Speak English less than "very well""
"DP02PR_0117PM","Percent Margin of Error!!LANGUAGE SPOKEN AT HOME!!Population 5 years and over!!Spanish!!Speak English less than "very well""
"DP02PR_0118PE","Percent!!LANGUAGE SPOKEN AT HOME!!Population 5 years and over!!Other Indo-European languages"
"DP02PR_0118PM","Percent Margin of Error!!LANGUAGE SPOKEN AT HOME!!Population 5 years and over!!Other Indo-European languages"
"DP02PR_0119PE","Percent!!LANGUAGE SPOKEN AT HOME!!Population 5 years and over!!Other Indo-European languages!!Speak English less than "very well""
"DP02PR_0119PM","Percent Margin of Error!!LANGUAGE SPOKEN AT HOME!!Population 5 years and over!!Other Indo-European languages!!Speak English less than "very well""
"DP02PR_0120PE","Percent!!LANGUAGE SPOKEN AT HOME!!Population 5 years and over!!Asian and Pacific Islander languages"
"DP02PR_0120PM","Percent Margin of Error!!LANGUAGE SPOKEN AT HOME!!Population 5 years and over!!Asian and Pacific Islander languages"
"DP02PR_0121PE","Percent!!LANGUAGE SPOKEN AT HOME!!Population 5 years and over!!Asian and Pacific Islander languages!!Speak English less than "very well""
"DP02PR_0121PM","Percent Margin of Error!!LANGUAGE SPOKEN AT HOME!!Population 5 years and over!!Asian and Pacific Islander languages!!Speak English less than "very well""
"DP02PR_0122PE","Percent!!LANGUAGE SPOKEN AT HOME!!Population 5 years and over!!Other languages"
"DP02PR_0122PM","Percent Margin of Error!!LANGUAGE SPOKEN AT HOME!!Population 5 years and over!!Other languages"
"DP02PR_0123PE","Percent!!LANGUAGE SPOKEN AT HOME!!Population 5 years and over!!Other languages!!Speak English less than "very well""
"DP02PR_0123PM","Percent Margin of Error!!LANGUAGE SPOKEN AT HOME!!Population 5 years and over!!Other languages!!Speak English less than "very well""
"DP02PR_0124PE","Percent!!ANCESTRY!!Total population"
"DP02PR_0124PM","Percent Margin of Error!!ANCESTRY!!Total population"
"DP02PR_0125PE","Percent!!ANCESTRY!!Total population!!American"
"DP02PR_0125PM","Percent Margin of Error!!ANCESTRY!!Total population!!American"
"DP02PR_0126PE","Percent!!ANCESTRY!!Total population!!Arab"
"DP02PR_0126PM","Percent Margin of Error!!ANCESTRY!!Total population!!Arab"
"DP02PR_0127PE","Percent!!ANCESTRY!!Total population!!Czech"
"DP02PR_0127PM","Percent Margin of Error!!ANCESTRY!!Total population!!Czech"
"DP02PR_0128PE","Percent!!ANCESTRY!!Total population!!Danish"
"DP02PR_0128PM","Percent Margin of Error!!ANCESTRY!!Total population!!Danish"
"DP02PR_0129PE","Percent!!ANCESTRY!!Total population!!Dutch"
"DP02PR_0129PM","Percent Margin of Error!!ANCESTRY!!Total population!!Dutch"
"DP02PR_0130PE","Percent!!ANCESTRY!!Total population!!English"
"DP02PR_0130PM","Percent Margin of Error!!ANCESTRY!!Total population!!English"
"DP02PR_0131PE","Percent!!ANCESTRY!!Total population!!French (except Basque)"
"DP02PR_0131PM","Percent Margin of Error!!ANCESTRY!!Total population!!French (except Basque)"
"DP02PR_0132PE","Percent!!ANCESTRY!!Total population!!French Canadian"
"DP02PR_0132PM","Percent Margin of Error!!ANCESTRY!!Total population!!French Canadian"
"DP02PR_0133PE","Percent!!ANCESTRY!!Total population!!German"
"DP02PR_0133PM","Percent Margin of Error!!ANCESTRY!!Total population!!German"
"DP02PR_0134PE","Percent!!ANCESTRY!!Total population!!Greek"
"DP02PR_0134PM","Percent Margin of Error!!ANCESTRY!!Total population!!Greek"
"DP02PR_0135PE","Percent!!ANCESTRY!!Total population!!Hungarian"
"DP02PR_0135PM","Percent Margin of Error!!ANCESTRY!!Total population!!Hungarian"
"DP02PR_0136PE","Percent!!ANCESTRY!!Total population!!Irish"
"DP02PR_0136PM","Percent Margin of Error!!ANCESTRY!!Total population!!Irish"
"DP02PR_0137PE","Percent!!ANCESTRY!!Total population!!Italian"
"DP02PR_0137PM","Percent Margin of Error!!ANCESTRY!!Total population!!Italian"
"DP02PR_0138PE","Percent!!ANCESTRY!!Total population!!Lithuanian"
"DP02PR_0138PM","Percent Margin of Error!!ANCESTRY!!Total population!!Lithuanian"
"DP02PR_0139PE","Percent!!ANCESTRY!!Total population!!Norwegian"
"DP02PR_0139PM","Percent Margin of Error!!ANCESTRY!!Total population!!Norwegian"
"DP02PR_0140PE","Percent!!ANCESTRY!!Total population!!Polish"
"DP02PR_0140PM","Percent Margin of Error!!ANCESTRY!!Total population!!Polish"
"DP02PR_0141PE","Percent!!ANCESTRY!!Total population!!Portuguese"
"DP02PR_0141PM","Percent Margin of Error!!ANCESTRY!!Total population!!Portuguese"
"DP02PR_0142PE","Percent!!ANCESTRY!!Total population!!Russian"
"DP02PR_0142PM","Percent Margin of Error!!ANCESTRY!!Total population!!Russian"
"DP02PR_0143PE","Percent!!ANCESTRY!!Total population!!Scotch-Irish"
"DP02PR_0143PM","Percent Margin of Error!!ANCESTRY!!Total population!!Scotch-Irish"
"DP02PR_0144PE","Percent!!ANCESTRY!!Total population!!Scottish"
"DP02PR_0144PM","Percent Margin of Error!!ANCESTRY!!Total population!!Scottish"
"DP02PR_0145PE","Percent!!ANCESTRY!!Total population!!Slovak"
"DP02PR_0145PM","Percent Margin of Error!!ANCESTRY!!Total population!!Slovak"
"DP02PR_0146PE","Percent!!ANCESTRY!!Total population!!Subsaharan African"
"DP02PR_0146PM","Percent Margin of Error!!ANCESTRY!!Total population!!Subsaharan African"
"DP02PR_0147PE","Percent!!ANCESTRY!!Total population!!Swedish"
"DP02PR_0147PM","Percent Margin of Error!!ANCESTRY!!Total population!!Swedish"
"DP02PR_0148PE","Percent!!ANCESTRY!!Total population!!Swiss"
"DP02PR_0148PM","Percent Margin of Error!!ANCESTRY!!Total population!!Swiss"
"DP02PR_0149PE","Percent!!ANCESTRY!!Total population!!Ukrainian"
"DP02PR_0149PM","Percent Margin of Error!!ANCESTRY!!Total population!!Ukrainian"
"DP02PR_0150PE","Percent!!ANCESTRY!!Total population!!Welsh"
"DP02PR_0150PM","Percent Margin of Error!!ANCESTRY!!Total population!!Welsh"
"DP02PR_0151PE","Percent!!ANCESTRY!!Total population!!West Indian (excluding Hispanic origin groups)"
"DP02PR_0151PM","Percent Margin of Error!!ANCESTRY!!Total population!!West Indian (excluding Hispanic origin groups)"
"DP02PR_0152PE","Percent!!COMPUTERS AND INTERNET USE!!Total households"
"DP02PR_0152PM","Percent Margin of Error!!COMPUTERS AND INTERNET USE!!Total households"
"DP02PR_0153PE","Percent!!COMPUTERS AND INTERNET USE!!Total households!!With a computer"
"DP02PR_0153PM","Percent Margin of Error!!COMPUTERS AND INTERNET USE!!Total households!!With a computer"
"DP02PR_0154PE","Percent!!COMPUTERS AND INTERNET USE!!Total households!!With a broadband Internet subscription"
"DP02PR_0154PM","Percent Margin of Error!!COMPUTERS AND INTERNET USE!!Total households!!With a broadband Internet subscription"
